receipt_number,date,time,cust_id,cust_full_name,cust_phone,cust_email,cust_gender,cust_birthdate,user_registration,cust_address_id,cust_city,cust_state,cust_postal_code,cust_street_num,cust_street_name,cust_build_num,promo_distr_id,promo_distr,promo_type_id,promo_type,promo_id,promo,promo_discount%,medicine_id,medicine,cat_id,category,subcategory,brand_id,brand,supplier_id,supplier,supplier_phone,supplier_email,cost,price,quantity,sales_amount
67544,2022-01-01,02:48:37,1267,Jack Ramirez,853-737-3429x933,johnmurray@gmail.org,female,1975-08-15,2017-12-31,725,san francisco,california,94122,1215,11th avenue,253,48921,internet,38091,over-the-counter medicines,4202,QUICKRELIEF,8,206,Morphine tablet 325 mg 60 pcs,1,Analgesics,Opioids,102,PrecisionRx Solutions,5685,QualityMeds, 321907-6900,oficial@qualitymeds.com,61.24,79.0,1,79.0
67544,2022-01-01,02:48:37,1267,Jack Ramirez,853-737-3429x933,johnmurray@gmail.org,female,1975-08-15,2017-12-31,725,san francisco,california,94122,1215,11th avenue,253,48921,internet,38091,over-the-counter medicines,4202,QUICKRELIEF,8,897,Cisapride tablet 100 mg 60 pcs,38,Gastrointestinal stimulant,Laxative,104,BioPlus Therapeutics,5681,HealthPro, 987-654-3210,oficial@healthpro.com,65.35,83.65,2,167.3
68002,2022-01-01,20:10:22,1525,Avery Carter,(917)705-5356,hlane@gmail.com,female,1978-07-24,2020-05-18,832,irvine,california,92620,,dewey,9,48921,internet,38091,over-the-counter medicines,4202,QUICKRELIEF,8,1117,Solifenacin tablet 100 mg 20 pcs,50,Urinary system drug,Anticholinergic,123,Gilead Sciences,5681,HealthPro, 987-654-3210,oficial@healthpro.com,37.68,44.09,2,88.18
68245,2022-01-02,12:21:05,29,Bruce Coleman,(608)221-3106,andrew84@gmail.net,male,2003-06-09,2021-07-15,636,tulare,ca,93274,1746,e carson ave,466,48921,internet,38091,over-the-counter medicines,4202,QUICKRELIEF,8,736,Thiocolchicoside tablet 250 mg 30 pcs,29,Muscle relaxant,Relaxants,123,Gilead Sciences,5681,HealthPro, 987-654-3210,oficial@healthpro.com,23.06,28.13,1,28.13
68327,2022-01-02,18:02:51,592,Harper Mitchell,(958)423-4023x13392,manuel51@gmail.net,female,1986-02-25,2017-05-19,202,hoffman estates,il,60169,1800,pebble beach dr,755,48921,internet,38091,over-the-counter medicines,4202,QUICKRELIEF,8,322,Phenindione tablet 200 mg 30 pcs,7,Anticoagulant,Anticoagulant,127,Amgen,5690,MedWorks, 777-888-0678,oficial@medworks.com,57.31,63.04,2,126.08
68327,2022-01-02,18:02:51,592,Harper Mitchell,(958)423-4023x13392,manuel51@gmail.net,female,1986-02-25,2017-05-19,202,hoffman estates,il,60169,1800,pebble beach dr,755,48921,internet,38091,over-the-counter medicines,4202,QUICKRELIEF,8,690,Dexamethasone tablet 325 mg 30 pcs,27,Corticosteroid,Corticosteroid,79,MedicoSynth Corporation,5682,PharmaDirect, 693059-8976,sales_department@pharmadirect.com,16.16,19.55,2,39.1
68327,2022-01-02,18:02:51,592,Harper Mitchell,(958)423-4023x13392,manuel51@gmail.net,female,1986-02-25,2017-05-19,202,hoffman estates,il,60169,1800,pebble beach dr,755,48921,internet,38091,over-the-counter medicines,4202,QUICKRELIEF,8,1052,Clonazepam tablet 20 mg 10 pcs,47,Antispastic agent,Benzodiazepine,84,AdvancedHealth Pharma,5680,TrustedMeds, 123-456-7890,oficial@trustedmeds.com,67.41,76.85,1,76.85
68877,2022-01-03,22:02:44,791,Erica Foster,934.830.9433,villegaswendy@gmail.com,female,1977-06-14,2019-03-10,839,merced,california,95340,1321,e 27th street,180,48921,internet,38091,over-the-counter medicines,4202,QUICKRELIEF,8,235,Colisti tablet 40 mg 10 pcs,2,Antibiotic,Polymyxin,120,AbbVie,5682,PharmaDirect, 693059-8976,sales_department@pharmadirect.com,32.88,42.09,2,84.18
68877,2022-01-03,22:02:44,791,Erica Foster,934.830.9433,villegaswendy@gmail.com,female,1977-06-14,2019-03-10,839,merced,california,95340,1321,e 27th street,180,48921,internet,38091,over-the-counter medicines,4202,QUICKRELIEF,8,1028,Talinolol tablet 400 mg 20 pcs,45,Beta blocker,Antagonist,99,LifeSpring Pharma,5686,MedPro, 905-568-3333,general@medpro.com,20.76,23.67,1,23.67
69278,2022-01-06,00:26:24,970,Ryan Nelson,689-823-5448x49307,rdaugherty@gmail.org,female,1960-03-25,2019-05-22,287,aurora,il,60502,2489,jamestown ln,61,48921,internet,38091,over-the-counter medicines,4202,QUICKRELIEF,8,856,Secobarbital tablet 20 mg 50 pcs,35,Sedative,Barbiturates,116,Sanofi,5680,TrustedMeds, 123-456-7890,oficial@trustedmeds.com,58.33,71.16,1,71.16
69278,2022-01-06,00:26:24,970,Ryan Nelson,689-823-5448x49307,rdaugherty@gmail.org,female,1960-03-25,2019-05-22,287,aurora,il,60502,2489,jamestown ln,61,48921,internet,38091,over-the-counter medicines,4202,QUICKRELIEF,8,961,Risedronate tablet 80 mg 40 pcs,42,Bone density medication,Bisphosphonate,114,Roche,5682,PharmaDirect, 693059-8976,sales_department@pharmadirect.com,60.48,68.95,2,137.9
69278,2022-01-06,00:26:24,970,Ryan Nelson,689-823-5448x49307,rdaugherty@gmail.org,female,1960-03-25,2019-05-22,287,aurora,il,60502,2489,jamestown ln,61,48921,internet,38091,over-the-counter medicines,4202,QUICKRELIEF,8,1297,Vitamin V (Carnitine) tablet 50 mg 20 pcs,60,Vitamin,Vitamins,94,PureLife Labs,5694,MedConnect, 543890-7777,oficial@medconnect.com,16.3,19.4,2,38.8
69355,2022-01-06,02:33:39,1852,Hannah Sanders,(237)339-7397,rbarrera@gmail.com,female,1996-10-06,2018-11-24,718,fallbrook,california,92028,620,wst elder st,114,48921,internet,38091,over-the-counter medicines,4202,QUICKRELIEF,8,265,Ebastine tablet 250 mg 40 pcs,4,Antihistamine,Antihistamine,78,ApexBio Pharmaceuticals,5690,MedWorks, 777-888-0678,oficial@medworks.com,36.29,40.28,3,120.84
69355,2022-01-06,02:33:39,1852,Hannah Sanders,(237)339-7397,rbarrera@gmail.com,female,1996-10-06,2018-11-24,718,fallbrook,california,92028,620,wst elder st,114,48921,internet,38091,over-the-counter medicines,4202,QUICKRELIEF,8,1031,Miconazole cream cream 100 g,46,Topical medication,Keratolytic,105,MedVantage Labs,5682,PharmaDirect, 693059-8976,sales_department@pharmadirect.com,16.25,21.12,2,42.24
69355,2022-01-06,02:33:39,1852,Hannah Sanders,(237)339-7397,rbarrera@gmail.com,female,1996-10-06,2018-11-24,718,fallbrook,california,92028,620,wst elder st,114,48921,internet,38091,over-the-counter medicines,4202,QUICKRELIEF,8,1093,Atrovent nasal spray 240 ml,49,Respiratory system drug,Anticholinergic,128,Biogen,5683,CareRx, 222-888-9799,oficial@carerx.com,51.11,57.24,3,171.72
69531,2022-01-06,07:53:41,1009,Madelyn Coleman,537.459.1366x32422,joneskaren@gmail.org,male,1981-05-12,2017-10-21,415,new york city,n.y,10011,,west 13th street,646,48921,internet,38091,over-the-counter medicines,4202,QUICKRELIEF,8,1121,Trimethoprim/sulfamethoxazole tablet 50 mg 60 pcs,50,Urinary system drug,Antibiotic,112,GlaxoSmithKline,5690,MedWorks, 777-888-0678,oficial@medworks.com,52.12,67.76,3,203.28
71040,2022-01-08,13:48:26,1171,Violet Morris,5363875427,lauraperez@gmail.org,male,1961-07-12,2019-01-07,1095,hampton,virginia,23664,119,grand view drive,680,48921,internet,38091,over-the-counter medicines,4202,QUICKRELIEF,8,898,Erythromycin tablet 325 mg 10 pcs,38,Gastrointestinal stimulant,Cholinergic,112,GlaxoSmithKline,5684,MediSupply, 777-333-1111,,58.85,66.5,2,133.0
71040,2022-01-08,13:48:26,1171,Violet Morris,5363875427,lauraperez@gmail.org,male,1961-07-12,2019-01-07,1095,hampton,virginia,23664,119,grand view drive,680,48921,internet,38091,over-the-counter medicines,4202,QUICKRELIEF,8,951,Vinblastine tablet 325 mg 10 pcs,41,Chemotherapy drug,Anthracycline,118,Bayer,5678,PharmaMart, 555-123-4567,oficial@pharmamart.com,29.87,34.35,2,68.7
71040,2022-01-08,13:48:26,1171,Violet Morris,5363875427,lauraperez@gmail.org,male,1961-07-12,2019-01-07,1095,hampton,virginia,23664,119,grand view drive,680,48921,internet,38091,over-the-counter medicines,4202,QUICKRELIEF,8,1012,Atenolol tablet 100 mg 40 pcs,45,Beta blocker,Blockers,128,Biogen,5687,PharmaPlus, 278-599-3333,info@pharmaplus.com,21.95,25.68,3,77.04
71063,2022-01-08,14:51:25,264,Eva Jenkins,662-640-8159,madisonsparks@gmail.org,female,1983-10-04,2021-06-26,173,fort myers,fl,33908,17170,harbour pointe dr 602,240,48921,internet,38091,over-the-counter medicines,4202,QUICKRELIEF,8,323,Acetylsalicylic acid tablet 100 mg 60 pcs,7,Anticoagulant,Coagulant,104,BioPlus Therapeutics,5680,TrustedMeds, 123-456-7890,oficial@trustedmeds.com,21.09,27.42,1,27.42
71063,2022-01-08,14:51:25,264,Eva Jenkins,662-640-8159,madisonsparks@gmail.org,female,1983-10-04,2021-06-26,173,fort myers,fl,33908,17170,harbour pointe dr 602,240,48921,internet,38091,over-the-counter medicines,4202,QUICKRELIEF,8,671,Albuterol inhaler 1 pcs,26,Bronchodilator,Bronchodilator,116,Sanofi,5688,ReliableMeds, 123-456-7899,oficial@reliablemeds.com,30.42,36.5,2,73.0
71063,2022-01-08,14:51:25,264,Eva Jenkins,662-640-8159,madisonsparks@gmail.org,female,1983-10-04,2021-06-26,173,fort myers,fl,33908,17170,harbour pointe dr 602,240,48921,internet,38091,over-the-counter medicines,4202,QUICKRELIEF,8,1072,Dorzolamide solution 200 ml,48,Ophthalmic drug,Fluoroquinolone,107,AlphaGen Laboratories,5680,TrustedMeds, 123-456-7890,oficial@trustedmeds.com,39.81,44.59,1,44.59
71104,2022-01-08,16:24:06,17,Steven Campbell,214-977-6234,wendy96@gmail.org,male,1997-08-23,2019-11-06,23,port charlotte,fl,33983,1215,harbour vista ct,125,48921,internet,38091,over-the-counter medicines,4202,QUICKRELIEF,8,477,Diltiazem tablet 15 mg 60 pcs,15,Antihypertensive,Blocker,86,FutureMed Sciences,5681,HealthPro, 987-654-3210,oficial@healthpro.com,34.53,38.33,2,76.66
71188,2022-01-08,19:45:25,135,Jason Bell,001-843-629-7339,cummingsrussell@gmail.org,female,1973-03-07,2018-06-01,29,kendall,fl,33165,1812,sw 104th pl,66,48921,internet,38091,over-the-counter medicines,4202,QUICKRELIEF,8,320,Lepirudin injection 10 mg 20 pcs,7,Anticoagulant,Inhibitor,128,Biogen,5688,ReliableMeds, 123-456-7899,oficial@reliablemeds.com,40.41,46.88,3,140.64
71188,2022-01-08,19:45:25,135,Jason Bell,001-843-629-7339,cummingsrussell@gmail.org,female,1973-03-07,2018-06-01,29,kendall,fl,33165,1812,sw 104th pl,66,48921,internet,38091,over-the-counter medicines,4202,QUICKRELIEF,8,711,Torsemide tablet 80 mg 100 pcs,28,Diuretic,Diuretic,114,Roche,5682,PharmaDirect, 693059-8976,sales_department@pharmadirect.com,42.24,52.38,2,104.76
71188,2022-01-08,19:45:25,135,Jason Bell,001-843-629-7339,cummingsrussell@gmail.org,female,1973-03-07,2018-06-01,29,kendall,fl,33165,1812,sw 104th pl,66,48921,internet,38091,over-the-counter medicines,4202,QUICKRELIEF,8,1019,Acebutolol tablet 250 mg 10 pcs,45,Beta blocker,Blockers,125,Boehringer Ingelheim,5683,CareRx, 222-888-9799,oficial@carerx.com,51.39,65.27,2,130.54
71315,2022-01-09,02:56:48,367,Sophia Green,001-653-369-2498x222,myersdonna@gmail.net,female,1996-05-29,2021-03-12,125,yulee,fl,32097,85520,miner rd,249,48921,internet,38091,over-the-counter medicines,4202,QUICKRELIEF,8,833,Phillips' Milk of Magnesia liquid suspension 150 ml,34,Laxative,Laxative,81,WellCare Innovations,5688,ReliableMeds, 123-456-7899,oficial@reliablemeds.com,55.07,66.08,1,66.08
71616,2022-01-09,19:39:34,297,Natalie Martinez,+1-257-987-7545x7184,radams@gmail.net,female,2000-02-18,2021-04-05,922,virginia beach,virginia,23456,,wisdom arch,9,48921,internet,38091,over-the-counter medicines,4202,QUICKRELIEF,8,709,Spironolactone tablet 200 mg 50 pcs,28,Diuretic,Diuretic,127,Amgen,5681,HealthPro, 987-654-3210,oficial@healthpro.com,36.29,46.81,2,93.62
71868,2022-01-10,06:17:47,1274,Zachary Cox,278-900-3498x92733,richardsonlydia@gmail.com,female,1978-08-14,2021-01-09,1032,norfolk,virginia,23502,905,dogwood terrace,238,48921,internet,38091,over-the-counter medicines,4202,QUICKRELIEF,8,1147,Levodopa tablet 400 mg 10 pcs,52,Anti-Parkinson's drug,Precursors,112,GlaxoSmithKline,5678,PharmaMart, 555-123-4567,oficial@pharmamart.com,17.82,20.49,3,61.47
72037,2022-01-10,11:59:00,212,Elizabeth Hall,431.667.5380x249,karahammond@gmail.org,female,1958-10-04,2017-01-10,965,james city county,virginia,23185,102,anthony wayne roa,83,48921,internet,38091,over-the-counter medicines,4202,QUICKRELIEF,8,1107,Theophylline tablet 100 mg 50 pcs,49,Respiratory system drug,Immunosuppressant,78,ApexBio Pharmaceuticals,5682,PharmaDirect, 693059-8976,sales_department@pharmadirect.com,39.48,49.74,1,49.74
72037,2022-01-10,11:59:00,212,Elizabeth Hall,431.667.5380x249,karahammond@gmail.org,female,1958-10-04,2017-01-10,965,james city county,virginia,23185,102,anthony wayne roa,83,48921,internet,38091,over-the-counter medicines,4202,QUICKRELIEF,8,1292,Vitamin Q (Coenzyme Q10) tablet 10 mg 50 pcs,60,Vitamin,Vitamins,120,AbbVie,5681,HealthPro, 987-654-3210,oficial@healthpro.com,53.56,61.06,2,122.12
72118,2022-01-10,14:42:57,1473,Evelyn Salazar,218-234-5710,osimmons@gmail.net,female,1970-09-23,2020-02-21,1042,york cty,virginia,23692,120,court road,223,48921,internet,38091,over-the-counter medicines,4202,QUICKRELIEF,8,491,Cyclizine tablet 200 mg 50 pcs,16,Antinauseant,Antinauseant,76,Vitality Labs,5682,PharmaDirect, 693059-8976,sales_department@pharmadirect.com,67.53,85.76,3,257.28
72118,2022-01-10,14:42:57,1473,Evelyn Salazar,218-234-5710,osimmons@gmail.net,female,1970-09-23,2020-02-21,1042,york cty,virginia,23692,120,court road,223,48921,internet,38091,over-the-counter medicines,4202,QUICKRELIEF,8,1053,Gabapentin tablet 15 mg 50 pcs,47,Antispastic agent,Anticonvulsants,76,Vitality Labs,5683,CareRx, 222-888-9799,oficial@carerx.com,6.98,8.59,3,25.77
72118,2022-01-10,14:42:57,1473,Evelyn Salazar,218-234-5710,osimmons@gmail.net,female,1970-09-23,2020-02-21,1042,york cty,virginia,23692,120,court road,223,48921,internet,38091,over-the-counter medicines,4202,QUICKRELIEF,8,1110,Hydrochlorothiazide tablet 5 mg 30 pcs,50,Urinary system drug,Fluoroquinolone,88,TrueVita Pharmaceuticals,5684,MediSupply, 777-333-1111,,17.54,19.64,3,58.92
72510,2022-01-11,05:41:05,763,Andrew Young,+1-726-465-0211x9665,kdudley@gmail.net,male,1963-01-21,2020-09-02,911,norfolk,virginia,23464,517,hunts pointe drv,326,48921,internet,38091,over-the-counter medicines,4202,QUICKRELIEF,8,552,Trospium tablet 200 mg 40 pcs,19,Antispasmodic,Antispasmodic,124,Teva Pharmaceutical Industries,5681,HealthPro, 987-654-3210,oficial@healthpro.com,38.02,42.2,1,42.2
72510,2022-01-11,05:41:05,763,Andrew Young,+1-726-465-0211x9665,kdudley@gmail.net,male,1963-01-21,2020-09-02,911,norfolk,virginia,23464,517,hunts pointe drv,326,48921,internet,38091,over-the-counter medicines,4202,QUICKRELIEF,8,614,Budesonide inhaler 2 pcs,23,Antiasthmatic,Corticosteroid,124,Teva Pharmaceutical Industries,5688,ReliableMeds, 123-456-7899,oficial@reliablemeds.com,57.63,73.19,1,73.19
73328,2022-01-12,12:19:49,145,Richard Green,800-246-0938,charles92@gmail.com,female,1959-07-14,2017-10-08,421,new york cty,n.y,11427,88-19,211th street,220,48921,internet,38091,over-the-counter medicines,4202,QUICKRELIEF,8,1154,Rasagiline tablet 20 mg 50 pcs,52,Anti-Parkinson's drug,Inhibitor,83,BioGenix Therapeutics,5686,MedPro, 905-568-3333,general@medpro.com,17.89,22.54,1,22.54
73328,2022-01-12,12:19:49,145,Richard Green,800-246-0938,charles92@gmail.com,female,1959-07-14,2017-10-08,421,new york cty,n.y,11427,88-19,211th street,220,48921,internet,38091,over-the-counter medicines,4202,QUICKRELIEF,8,1185,Sulfasalazine tablet 10 mg 30 pcs,54,Antirheumatic drug,Immunosuppressants,101,CureTech Laboratories,5680,TrustedMeds, 123-456-7890,oficial@trustedmeds.com,34.13,39.25,1,39.25
73464,2022-01-12,15:57:17,1713,Hazel Barnes,448.644.5206x40603,petersrebekah@gmail.net,male,1990-10-11,2017-11-04,399,new york cty,n.y,11206,,ten eyck street,725,48921,internet,38091,over-the-counter medicines,4202,QUICKRELIEF,8,794,Emergency contraceptive pill tablet 20 mg 30 pcs,32,Hormonal contraceptive,Contraceptives,128,Biogen,5678,PharmaMart, 555-123-4567,oficial@pharmamart.com,49.2,63.47,3,190.41
73464,2022-01-12,15:57:17,1713,Hazel Barnes,448.644.5206x40603,petersrebekah@gmail.net,male,1990-10-11,2017-11-04,399,new york cty,n.y,11206,,ten eyck street,725,48921,internet,38091,over-the-counter medicines,4202,QUICKRELIEF,8,1012,Atenolol tablet 100 mg 40 pcs,45,Beta blocker,Blockers,128,Biogen,5682,PharmaDirect, 693059-8976,sales_department@pharmadirect.com,19.87,24.44,1,24.44
73464,2022-01-12,15:57:17,1713,Hazel Barnes,448.644.5206x40603,petersrebekah@gmail.net,male,1990-10-11,2017-11-04,399,new york cty,n.y,11206,,ten eyck street,725,48921,internet,38091,over-the-counter medicines,4202,QUICKRELIEF,8,1142,Pregabalin capsule 325 mg 50 pcs,51,Central nervous system drug,Anticonvulsant,105,MedVantage Labs,5682,PharmaDirect, 693059-8976,sales_department@pharmadirect.com,13.42,16.77,1,16.77
73678,2022-01-12,22:01:04,194,John Miller,591-308-6401x04152,martinsarah@gmail.org,female,1957-05-15,2020-04-07,464,nyc,n.y,10310,4,mathews avenue,93,48921,internet,38091,over-the-counter medicines,4202,QUICKRELIEF,8,498,Ginger capsules capsule 100 mg 50 pcs,16,Antinauseant,Antiemetics,77,LifePharma Solutions,5687,PharmaPlus, 278-599-3333,info@pharmaplus.com,23.56,27.8,1,27.8
73828,2022-01-13,03:42:10,1511,Xavier Butler,(625)842-3051x801,ncordova@gmail.net,male,1962-10-02,2021-07-04,150,st. petersburg,fl,33712,3000,14th ave s,529,48921,internet,38091,over-the-counter medicines,4202,QUICKRELIEF,8,310,Rivaroxaban tablet 50 mg 60 pcs,7,Anticoagulant,Anticoagulant,106,NeoCure Pharmaceuticals,5681,HealthPro, 987-654-3210,oficial@healthpro.com,60.11,73.33,1,73.33
73828,2022-01-13,03:42:10,1511,Xavier Butler,(625)842-3051x801,ncordova@gmail.net,male,1962-10-02,2021-07-04,150,st. petersburg,fl,33712,3000,14th ave s,529,48921,internet,38091,over-the-counter medicines,4202,QUICKRELIEF,8,425,Miconazole tablet 400 mg 100 pcs,13,Antifungal,Azoles,87,OmniCure Pharmaceuticals,5691,MediSave, 344-654-3333,oficial@medisave.com,30.23,39.3,2,78.6
73828,2022-01-13,03:42:10,1511,Xavier Butler,(625)842-3051x801,ncordova@gmail.net,male,1962-10-02,2021-07-04,150,st. petersburg,fl,33712,3000,14th ave s,529,48921,internet,38091,over-the-counter medicines,4202,QUICKRELIEF,8,1297,Vitamin V (Carnitine) tablet 50 mg 20 pcs,60,Vitamin,Vitamins,94,PureLife Labs,5688,ReliableMeds, 123-456-7899,oficial@reliablemeds.com,17.42,20.9,1,20.9
74010,2022-01-13,08:40:41,1568,Aiden Scott,001-360-733-8625x084,cooperdevin@gmail.com,male,1977-03-12,2021-11-22,744,irvine,california,92618,,keepsake,698,48921,internet,38091,over-the-counter medicines,4202,QUICKRELIEF,8,279,Pepcid tablet 400 mg 60 pcs,5,Antacid,Antagonist,77,LifePharma Solutions,5683,CareRx, 222-888-9799,oficial@carerx.com,21.28,27.03,2,54.06
74010,2022-01-13,08:40:41,1568,Aiden Scott,001-360-733-8625x084,cooperdevin@gmail.com,male,1977-03-12,2021-11-22,744,irvine,california,92618,,keepsake,698,48921,internet,38091,over-the-counter medicines,4202,QUICKRELIEF,8,602,Omega-3 Fatty Acids tablet 200 mg 100 pcs,22,Antihyperlipidemic medication,Sequestrant,92,OptimaCare Pharmaceuticals,5688,ReliableMeds, 123-456-7899,oficial@reliablemeds.com,44.31,50.51,2,101.02
74010,2022-01-13,08:40:41,1568,Aiden Scott,001-360-733-8625x084,cooperdevin@gmail.com,male,1977-03-12,2021-11-22,744,irvine,california,92618,,keepsake,698,48921,internet,38091,over-the-counter medicines,4202,QUICKRELIEF,8,706,Halobetaso tablet 400 mg 20 pcs,27,Corticosteroid,Glucocorticoid,109,FutureCure PharmaTech,5682,PharmaDirect, 693059-8976,sales_department@pharmadirect.com,51.49,62.3,3,186.9
74338,2022-01-13,19:37:02,967,Zoey Butler,272.445.7201x1682,broy@gmail.com,female,1957-02-08,2019-08-16,529,new york city,n.y,10301,30,city boulevard,465,48921,internet,38091,over-the-counter medicines,4202,QUICKRELIEF,8,859,Lunesta tablet 20 mg 40 pcs,36,Sleeping aid,Hypnotic,90,NeoGen PharmaTech,5690,MedWorks, 777-888-0678,oficial@medworks.com,18.7,22.25,3,66.75
74854,2022-01-14,12:30:09,1530,Olivia Mitchell,001-374-613-8477x62981,kristinflores@gmail.com,female,1963-10-14,2020-10-31,281,palatine,il,60067,1463,w winnetka street,188,48921,internet,38091,over-the-counter medicines,4202,QUICKRELIEF,8,727,Baclofen tablet 50 mg 10 pcs,29,Muscle relaxant,Relaxants,125,Boehringer Ingelheim,5686,MedPro, 905-568-3333,general@medpro.com,54.87,63.1,2,126.2
74854,2022-01-14,12:30:09,1530,Olivia Mitchell,001-374-613-8477x62981,kristinflores@gmail.com,female,1963-10-14,2020-10-31,281,palatine,il,60067,1463,w winnetka street,188,48921,internet,38091,over-the-counter medicines,4202,QUICKRELIEF,8,1042,Triamcinolone cream cream 15 g,46,Topical medication,Corticosteroid,118,Bayer,5688,ReliableMeds, 123-456-7899,oficial@reliablemeds.com,35.45,43.6,2,87.2
74854,2022-01-14,12:30:09,1530,Olivia Mitchell,001-374-613-8477x62981,kristinflores@gmail.com,female,1963-10-14,2020-10-31,281,palatine,il,60067,1463,w winnetka street,188,48921,internet,38091,over-the-counter medicines,4202,QUICKRELIEF,8,1117,Solifenacin tablet 100 mg 20 pcs,50,Urinary system drug,Anticholinergic,123,Gilead Sciences,5687,PharmaPlus, 278-599-3333,info@pharmaplus.com,40.31,52.0,1,52.0
74860,2022-01-14,12:42:14,767,Nicholas Green,+1-556-659-1229x080,iyoung@gmail.org,male,1967-05-21,2019-04-01,812,merced,california,95348,720,olivewood drive,377,48921,internet,38091,over-the-counter medicines,4202,QUICKRELIEF,8,479,Candesartan tablet 100 mg 60 pcs,15,Antihypertensive,Antagonist,129,Astellas Pharma,5691,MediSave, 344-654-3333,oficial@medisave.com,55.03,61.63,2,123.26
74860,2022-01-14,12:42:14,767,Nicholas Green,+1-556-659-1229x080,iyoung@gmail.org,male,1967-05-21,2019-04-01,812,merced,california,95348,720,olivewood drive,377,48921,internet,38091,over-the-counter medicines,4202,QUICKRELIEF,8,892,Secukinumab injection 400 mg 10 pcs,37,Immunomodulator,Antineoplastic,88,TrueVita Pharmaceuticals,5684,MediSupply, 777-333-1111,,12.62,15.27,3,45.81
74860,2022-01-14,12:42:14,767,Nicholas Green,+1-556-659-1229x080,iyoung@gmail.org,male,1967-05-21,2019-04-01,812,merced,california,95348,720,olivewood drive,377,48921,internet,38091,over-the-counter medicines,4202,QUICKRELIEF,8,989,Selegiline tablet 325 mg 30 pcs,43,Anti-Alzheimer's drug,Maoi,102,PrecisionRx Solutions,5691,MediSave, 344-654-3333,oficial@medisave.com,70.41,79.56,1,79.56
75126,2022-01-14,21:57:42,634,Sarah Cook,(305)301-2667x61362,bnelson@gmail.org,male,1967-10-25,2021-05-31,541,new york cty,n.y,11204,2053,66th stree,420,48921,internet,38091,over-the-counter medicines,4202,QUICKRELIEF,8,264,Cyproheptadine tablet 100 mg 100 pcs,4,Antihistamine,Antihistamine,124,Teva Pharmaceutical Industries,5681,HealthPro, 987-654-3210,oficial@healthpro.com,48.93,60.67,1,60.67
75126,2022-01-14,21:57:42,634,Sarah Cook,(305)301-2667x61362,bnelson@gmail.org,male,1967-10-25,2021-05-31,541,new york cty,n.y,11204,2053,66th stree,420,48921,internet,38091,over-the-counter medicines,4202,QUICKRELIEF,8,631,Aclidinium tablet 80 mg 10 pcs,23,Antiasthmatic,Anticholinergic,87,OmniCure Pharmaceuticals,5678,PharmaMart, 555-123-4567,oficial@pharmamart.com,35.77,43.64,1,43.64
75126,2022-01-14,21:57:42,634,Sarah Cook,(305)301-2667x61362,bnelson@gmail.org,male,1967-10-25,2021-05-31,541,new york cty,n.y,11204,2053,66th stree,420,48921,internet,38091,over-the-counter medicines,4202,QUICKRELIEF,8,1011,Tilidin tablet 5 mg 10 pcs,44,Opioid,Opioid,106,NeoCure Pharmaceuticals,5681,HealthPro, 987-654-3210,oficial@healthpro.com,15.78,19.09,2,38.18
75594,2022-01-15,17:38:14,675,Layla Martin,(572)761-8955x4191,johngriffin@gmail.org,male,1976-04-11,2020-11-27,1005,hampton,virginia,23666,,big bethel road,459,48921,internet,38091,over-the-counter medicines,4202,QUICKRELIEF,8,590,Atorvastatin tablet 80 mg 40 pcs,22,Antihyperlipidemic medication,Statins,91,PrimeVital Solutions,5684,MediSupply, 777-333-1111,,10.85,14.0,2,28.0
75955,2022-01-16,08:02:40,1787,Samuel Stewart,001-690-601-2917x365,howellkristen@gmail.org,male,1976-05-04,2020-08-13,710,s diego,california,92139,,gables str,772,48921,internet,38091,over-the-counter medicines,4202,QUICKRELIEF,8,966,Teriparatide injection 400 mg 30 pcs,42,Bone density medication,Inhibitors,92,OptimaCare Pharmaceuticals,5683,CareRx, 222-888-9799,oficial@carerx.com,34.72,44.79,2,89.58
75955,2022-01-16,08:02:40,1787,Samuel Stewart,001-690-601-2917x365,howellkristen@gmail.org,male,1976-05-04,2020-08-13,710,s diego,california,92139,,gables str,772,48921,internet,38091,over-the-counter medicines,4202,QUICKRELIEF,8,1006,Butorphanol nasal spray 240 ml,44,Opioid,Opioid,110,Pfizer,5678,PharmaMart, 555-123-4567,oficial@pharmamart.com,26.4,29.57,2,59.14
76004,2022-01-16,09:54:22,1706,Addison Morgan,(917)375-7853,saundersstephanie@gmail.org,male,1976-05-08,2018-03-11,220,chicago,il,60655,10425,sth harding avenue,141,48921,internet,38091,over-the-counter medicines,4202,QUICKRELIEF,8,240,Celexa tablet 250 mg 100 pcs,3,Antidepressant,Inhibitor,100,ApexCure Innovations,5688,ReliableMeds, 123-456-7899,oficial@reliablemeds.com,48.69,62.32,1,62.32
76243,2022-01-16,17:23:09,934,Megan Powell,+1-844-779-5584x11980,carrollamber@gmail.com,male,2003-03-28,2019-07-17,624,henrietta town,n.y,14623,830,jefferson road,215,48921,internet,38091,over-the-counter medicines,4202,QUICKRELIEF,8,546,Glycopyrrolate tablet 15 mg 60 pcs,19,Antispasmodic,Anticholinergic,119,Eli Lilly,5686,MedPro, 905-568-3333,general@medpro.com,32.64,38.84,1,38.84
76243,2022-01-16,17:23:09,934,Megan Powell,+1-844-779-5584x11980,carrollamber@gmail.com,male,2003-03-28,2019-07-17,624,henrietta town,n.y,14623,830,jefferson road,215,48921,internet,38091,over-the-counter medicines,4202,QUICKRELIEF,8,992,N-acetyl cysteine capsule 80 mg 60 pcs,43,Anti-Alzheimer's drug,Antioxidant,119,Eli Lilly,5688,ReliableMeds, 123-456-7899,oficial@reliablemeds.com,41.49,46.47,1,46.47
76636,2022-01-17,09:11:33,1826,Samuel Edwards,775-277-9696x56778,nfox@gmail.org,male,1960-09-13,2019-01-10,727,s francisco,california,94117,265,carl street,600,48921,internet,38091,over-the-counter medicines,4202,QUICKRELIEF,8,692,Hydrocortisone cream 20 g,27,Corticosteroid,Corticosteroid,121,Bristol Myers Squibb,5690,MedWorks, 777-888-0678,oficial@medworks.com,66.65,74.65,3,223.95
76636,2022-01-17,09:11:33,1826,Samuel Edwards,775-277-9696x56778,nfox@gmail.org,male,1960-09-13,2019-01-10,727,s francisco,california,94117,265,carl street,600,48921,internet,38091,over-the-counter medicines,4202,QUICKRELIEF,8,1187,Leflunomide tablet 325 mg 60 pcs,54,Antirheumatic drug,Immunosuppressant,124,Teva Pharmaceutical Industries,5681,HealthPro, 987-654-3210,oficial@healthpro.com,52.0,59.8,3,179.4
77224,2022-01-18,18:20:22,63,Walter Wright,001-543-880-0940x068,colemanmichael@gmail.com,female,2001-11-03,2018-04-18,103,melbourne,fl,32935,1500,highland ave,753,48921,internet,38091,over-the-counter medicines,4202,QUICKRELIEF,8,758,Terazosin tablet 5 mg 60 pcs,30,Vasodilator,Nitrovasodilators,92,OptimaCare Pharmaceuticals,5687,PharmaPlus, 278-599-3333,info@pharmaplus.com,53.66,68.15,3,204.45
77417,2022-01-19,03:55:31,188,Kevin Davis,531.959.9033,marquezcory@gmail.org,male,1980-07-14,2021-05-10,609,new york city,n.y,11218,750,east 3rd street,481,48921,internet,38091,over-the-counter medicines,4202,QUICKRELIEF,8,753,Sodium nitroprusside tablet 200 mg 10 pcs,30,Vasodilator,Vasodilator,126,Mylan,5681,HealthPro, 987-654-3210,oficial@healthpro.com,52.22,58.49,2,116.98
77782,2022-01-19,15:08:40,974,Levi Ramirez,808-988-2668,petersonjeffrey@gmail.org,female,1991-07-15,2019-03-21,371,broadview,il,60155,2925,south 12th avenue,135,48921,internet,38091,over-the-counter medicines,4202,QUICKRELIEF,8,427,Nystatin tablet 400 mg 100 pcs,13,Antifungal,Polyene,80,PrecisionMed Laboratories,5690,MedWorks, 777-888-0678,oficial@medworks.com,16.69,19.36,1,19.36
77782,2022-01-19,15:08:40,974,Levi Ramirez,808-988-2668,petersonjeffrey@gmail.org,female,1991-07-15,2019-03-21,371,broadview,il,60155,2925,south 12th avenue,135,48921,internet,38091,over-the-counter medicines,4202,QUICKRELIEF,8,926,Terbinafine tablet 5 mg 40 pcs,39,Dermatological agent,Antifungal,114,Roche,5684,MediSupply, 777-333-1111,,60.56,72.07,2,144.14
77956,2022-01-19,20:30:39,314,Zoe Jenkins,610.412.8421x137,matthew70@gmail.com,male,1993-09-17,2019-04-11,45,unincorporated,fl,33417,338,camden o,420,48921,internet,38091,over-the-counter medicines,4202,QUICKRELIEF,8,1196,Anakinra tablet 10 mg 40 pcs,54,Antirheumatic drug,Antagonist,126,Mylan,5681,HealthPro, 987-654-3210,oficial@healthpro.com,41.31,45.44,3,136.32
78208,2022-01-20,05:54:12,1001,Nora Bryant,724-266-7662x4182,shannon94@gmail.net,male,1987-06-11,2020-10-25,843,san diego,california,92120,,lewison avenue,535,48921,internet,38091,over-the-counter medicines,4202,QUICKRELIEF,8,355,Saxagliptin tablet 250 mg 30 pcs,9,Antidiabetic medication,Inhibitors,77,LifePharma Solutions,5680,TrustedMeds, 123-456-7890,oficial@trustedmeds.com,58.42,74.19,1,74.19
78346,2022-01-20,10:02:58,578,Joseph Lee,(695)626-0138,gardnerjohn@gmail.net,male,1997-08-08,2021-05-25,1035,alexandria,virginia,22301,1508,mt. vernon avenue,286,48921,internet,38091,over-the-counter medicines,4202,QUICKRELIEF,8,264,Cyproheptadine tablet 100 mg 100 pcs,4,Antihistamine,Antihistamine,124,Teva Pharmaceutical Industries,5687,PharmaPlus, 278-599-3333,info@pharmaplus.com,48.3,61.82,3,185.46
78346,2022-01-20,10:02:58,578,Joseph Lee,(695)626-0138,gardnerjohn@gmail.net,male,1997-08-08,2021-05-25,1035,alexandria,virginia,22301,1508,mt. vernon avenue,286,48921,internet,38091,over-the-counter medicines,4202,QUICKRELIEF,8,1020,Sotalol tablet 50 mg 50 pcs,45,Beta blocker,Blockers,75,MediGen Pharmaceuticals,5690,MedWorks, 777-888-0678,oficial@medworks.com,32.73,36.33,2,72.66
78384,2022-01-20,11:35:28,1220,Oscar Wright,(563)289-1796,ibrewer@gmail.net,male,1984-02-26,2017-03-25,973,newport news,virginia,23608,1324,moyer r,287,48921,internet,38091,over-the-counter medicines,4202,QUICKRELIEF,8,506,Trospium chloride tablet 50 mg 10 pcs,17,Anticholinergic,Anticholinergic,126,Mylan,5690,MedWorks, 777-888-0678,oficial@medworks.com,54.19,60.15,1,60.15
78384,2022-01-20,11:35:28,1220,Oscar Wright,(563)289-1796,ibrewer@gmail.net,male,1984-02-26,2017-03-25,973,newport news,virginia,23608,1324,moyer r,287,48921,internet,38091,over-the-counter medicines,4202,QUICKRELIEF,8,838,Citrucel tablet 200 mg 60 pcs,34,Laxative,Laxative,129,Astellas Pharma,5684,MediSupply, 777-333-1111,,15.11,17.83,2,35.66
78384,2022-01-20,11:35:28,1220,Oscar Wright,(563)289-1796,ibrewer@gmail.net,male,1984-02-26,2017-03-25,973,newport news,virginia,23608,1324,moyer r,287,48921,internet,38091,over-the-counter medicines,4202,QUICKRELIEF,8,910,Castor oi tablet 5 mg 50 pcs,38,Gastrointestinal stimulant,Laxative,101,CureTech Laboratories,5688,ReliableMeds, 123-456-7899,oficial@reliablemeds.com,48.03,54.27,1,54.27
78614,2022-01-20,20:27:10,1484,James White,245-262-8927,tayloradam@gmail.org,male,1995-04-20,2020-10-06,558,new york,n.y,11236,,east 84th str,337,48921,internet,38091,over-the-counter medicines,4202,QUICKRELIEF,8,245,Trintellix tablet 80 mg 60 pcs,3,Antidepressant,Ssri,113,Johnson & Johnson,5690,MedWorks, 777-888-0678,oficial@medworks.com,18.16,20.16,3,60.48
78626,2022-01-20,20:43:58,177,Benjamin Baker,966.995.2592x9881,heatherwolfe@gmail.org,female,1964-07-20,2018-03-27,533,new york cty,n.y,10310,213,hart avenue,194,48921,internet,38091,over-the-counter medicines,4202,QUICKRELIEF,8,472,Bisoprolol tablet 40 mg 100 pcs,15,Antihypertensive,Blocker,104,BioPlus Therapeutics,5686,MedPro, 905-568-3333,general@medpro.com,46.88,58.13,2,116.26
78626,2022-01-20,20:43:58,177,Benjamin Baker,966.995.2592x9881,heatherwolfe@gmail.org,female,1964-07-20,2018-03-27,533,new york cty,n.y,10310,213,hart avenue,194,48921,internet,38091,over-the-counter medicines,4202,QUICKRELIEF,8,808,Ilaprazole tablet 100 mg 40 pcs,33,Proton pump inhibitor,Inhibitor,127,Amgen,5682,PharmaDirect, 693059-8976,sales_department@pharmadirect.com,33.66,40.73,2,81.46
78706,2022-01-21,02:59:07,1792,David Ramirez,+1-629-415-7224x170,vanessa90@gmail.org,male,1988-09-16,2020-06-27,214,e st louis,il,62207,4926,bates ave,384,48921,internet,38091,over-the-counter medicines,4202,QUICKRELIEF,8,782,Triiodothyronine tablet 20 mg 60 pcs,31,Thyroid medication,Hormone,89,GlobalCure Labs,5678,PharmaMart, 555-123-4567,oficial@pharmamart.com,19.06,24.59,1,24.59
78706,2022-01-21,02:59:07,1792,David Ramirez,+1-629-415-7224x170,vanessa90@gmail.org,male,1988-09-16,2020-06-27,214,e st louis,il,62207,4926,bates ave,384,48921,internet,38091,over-the-counter medicines,4202,QUICKRELIEF,8,965,Denosumab injection 200 mg 10 pcs,42,Bone density medication,Bisphosphonate,101,CureTech Laboratories,5686,MedPro, 905-568-3333,general@medpro.com,47.35,54.93,2,109.86
78899,2022-01-21,19:59:11,94,Marcos Nelson,343-433-7321,lmccoy@gmail.org,female,1986-12-02,2018-12-02,485,new york city,n.y,10469,2552,seymour avenue,357,48921,internet,38091,over-the-counter medicines,4202,QUICKRELIEF,8,331,Acyclovir tablet 250 mg 60 pcs,8,Antiviral,Antiviral,81,WellCare Innovations,5682,PharmaDirect, 693059-8976,sales_department@pharmadirect.com,33.31,40.64,2,81.28
78899,2022-01-21,19:59:11,94,Marcos Nelson,343-433-7321,lmccoy@gmail.org,female,1986-12-02,2018-12-02,485,new york city,n.y,10469,2552,seymour avenue,357,48921,internet,38091,over-the-counter medicines,4202,QUICKRELIEF,8,1215,Delamanid tablet 5 mg 20 pcs,55,Antituberculosis drug,Diarylquinolines,100,ApexCure Innovations,5688,ReliableMeds, 123-456-7899,oficial@reliablemeds.com,47.69,60.09,2,120.18
78998,2022-01-22,01:59:07,1666,Scarlett Thompson,001-556-751-6829x1500,chadallen@gmail.org,female,1977-04-20,2017-07-01,1005,hampton,virginia,23666,,big bethel road,232,48921,internet,38091,over-the-counter medicines,4202,QUICKRELIEF,8,1283,Vitamin B6 (Pyridoxine) tablet 40 mg 50 pcs,60,Vitamin,B-complex,124,Teva Pharmaceutical Industries,5681,HealthPro, 987-654-3210,oficial@healthpro.com,67.29,83.44,2,166.88
79261,2022-01-22,09:41:46,1210,Jack Martin,208.783.3775x984,tward@gmail.com,female,1973-04-18,2021-10-28,677,lakewood,ca,90713,5502,carfax ave,272,48921,internet,38091,over-the-counter medicines,4202,QUICKRELIEF,8,524,Disopyramide tablet 200 mg 60 pcs,18,Antiarrhythmic,Antiarrhythmic,117,AstraZeneca,5680,TrustedMeds, 123-456-7890,oficial@trustedmeds.com,26.5,32.06,3,96.18
79261,2022-01-22,09:41:46,1210,Jack Martin,208.783.3775x984,tward@gmail.com,female,1973-04-18,2021-10-28,677,lakewood,ca,90713,5502,carfax ave,272,48921,internet,38091,over-the-counter medicines,4202,QUICKRELIEF,8,1215,Delamanid tablet 5 mg 20 pcs,55,Antituberculosis drug,Diarylquinolines,100,ApexCure Innovations,5681,HealthPro, 987-654-3210,oficial@healthpro.com,47.28,53.9,1,53.9
79356,2022-01-22,12:41:40,1205,Avery Hughes,(405)525-9934x8969,mwilson@gmail.net,female,1957-04-02,2021-03-07,590,new york,n.y,10314,52,benedict avenue,51,48921,internet,38091,over-the-counter medicines,4202,QUICKRELIEF,8,1083,Nepafenac tablet 80 mg 50 pcs,48,Ophthalmic drug,Nsaid,121,Bristol Myers Squibb,5684,MediSupply, 777-333-1111,medi_supply@medi.com,21.09,27.21,1,27.21
79420,2022-01-22,14:29:29,168,George Ramirez,(444)450-7291x33848,amy65@gmail.org,male,1970-07-09,2021-09-28,1040,chesapeake,virginia,23322,442,fairfield drive,23,48921,internet,38091,over-the-counter medicines,4202,QUICKRELIEF,8,625,Levalbuterol solution 150 ml,23,Antiasthmatic,Bronchodilator,92,OptimaCare Pharmaceuticals,5678,PharmaMart, 555-123-4567,oficial@pharmamart.com,32.08,40.42,3,121.26
79420,2022-01-22,14:29:29,168,George Ramirez,(444)450-7291x33848,amy65@gmail.org,male,1970-07-09,2021-09-28,1040,chesapeake,virginia,23322,442,fairfield drive,23,48921,internet,38091,over-the-counter medicines,4202,QUICKRELIEF,8,918,Azelaic acid cream 20 g,39,Dermatological agent,Vasodilator,104,BioPlus Therapeutics,5690,MedWorks, 777-888-0678,oficial@medworks.com,5.58,6.86,1,6.86
79574,2022-01-22,19:26:29,877,Brittany Wilson,001-620-279-7364x9212,isaacblackwell@gmail.net,female,2003-09-17,2021-11-10,574,new york cty,n.y,11219,1459,54th street,63,48921,internet,38091,over-the-counter medicines,4202,QUICKRELIEF,8,664,Phenacetin tablet 100 mg 20 pcs,25,Antipyretic,Analgesic,106,NeoCure Pharmaceuticals,5687,PharmaPlus, 278-599-3333,info@pharmaplus.com,47.68,61.98,1,61.98
80114,2022-01-23,18:33:24,908,Candace Martinez,475-374-8083x909,katiemorales@gmail.org,male,1976-01-06,2018-03-24,545,new york city,n.y,10460,,van buren st,700,48921,internet,38091,over-the-counter medicines,4202,QUICKRELIEF,8,358,Liraglutide injection 100 mg 50 pcs,9,Antidiabetic medication,Agonist,103,VitalWave Pharmaceuticals,5690,MedWorks, 777-888-0678,oficial@medworks.com,38.41,46.48,3,139.44
80114,2022-01-23,18:33:24,908,Candace Martinez,475-374-8083x909,katiemorales@gmail.org,male,1976-01-06,2018-03-24,545,new york city,n.y,10460,,van buren st,700,48921,internet,38091,over-the-counter medicines,4202,QUICKRELIEF,8,794,Emergency contraceptive pill tablet 20 mg 30 pcs,32,Hormonal contraceptive,Contraceptives,128,Biogen,5690,MedWorks, 777-888-0678,oficial@medworks.com,49.48,55.91,1,55.91
80114,2022-01-23,18:33:24,908,Candace Martinez,475-374-8083x909,katiemorales@gmail.org,male,1976-01-06,2018-03-24,545,new york city,n.y,10460,,van buren st,700,48921,internet,38091,over-the-counter medicines,4202,QUICKRELIEF,8,863,Halcion tablet 5 mg 40 pcs,36,Sleeping aid,Benzodiazepines,119,Eli Lilly,5679,MedSource, 126-987-6543,help@medsource.com,60.63,75.79,3,227.37
80221,2022-01-23,22:59:29,1848,Savannah Griffin,(872)668-8479x156,bowerskristen@gmail.org,female,1966-01-02,2021-09-15,578,new york cty,n.y,11203,398,e 57th st,283,48921,internet,38091,over-the-counter medicines,4202,QUICKRELIEF,8,749,Gallamin tablet 250 mg 40 pcs,29,Muscle relaxant,Relaxants,85,CurePro Pharmaceuticals,5680,TrustedMeds, 123-456-7890,oficial@trustedmeds.com,9.44,10.57,1,10.57
80322,2022-01-24,05:47:42,1607,Grace Ramirez,001-816-996-8943x000,zpatel@gmail.net,male,1974-07-15,2018-12-29,163,hobe sound,fl,33455,7770,se little harbour dr,265,48921,internet,38091,over-the-counter medicines,4202,QUICKRELIEF,8,1064,Metaxalone tablet 400 mg 30 pcs,47,Antispastic agent,Relaxant,75,MediGen Pharmaceuticals,5679,MedSource, 126-987-6543,help@medsource.com,23.84,29.8,2,59.6
80530,2022-01-24,15:57:16,1029,Piper Allen,001-865-628-1104x235,catherine90@gmail.net,female,1968-09-08,2018-12-25,240,chicago ridge,il,60415,11001,south lyman aven,626,48921,internet,38091,over-the-counter medicines,4202,QUICKRELIEF,8,200,Acetaminophen tablet 250 mg 100 pcs,1,Analgesics,Analgesics,80,PrecisionMed Laboratories,5685,QualityMeds, 321907-6900,oficial@qualitymeds.com,37.68,48.98,3,146.94
80530,2022-01-24,15:57:16,1029,Piper Allen,001-865-628-1104x235,catherine90@gmail.net,female,1968-09-08,2018-12-25,240,chicago ridge,il,60415,11001,south lyman aven,626,48921,internet,38091,over-the-counter medicines,4202,QUICKRELIEF,8,266,Oxatomide tablet 10 mg 20 pcs,4,Antihistamine,Antihistamine,94,PureLife Labs,5690,MedWorks, 777-888-0678,oficial@medworks.com,41.9,51.96,1,51.96
80530,2022-01-24,15:57:16,1029,Piper Allen,001-865-628-1104x235,catherine90@gmail.net,female,1968-09-08,2018-12-25,240,chicago ridge,il,60415,11001,south lyman aven,626,48921,internet,38091,over-the-counter medicines,4202,QUICKRELIEF,8,1250,Methoxamine tablet 15 mg 40 pcs,57,Vasopressor,Vasoconstrictor,106,NeoCure Pharmaceuticals,5690,MedWorks, 777-888-0678,oficial@medworks.com,26.46,32.81,2,65.62
80887,2022-01-26,07:05:05,351,Emma Kelly,001-208-470-5449x209,qkim@gmail.net,female,1969-11-04,2019-01-12,254,northbrook,il,60062,1228,candlewood hill road,171,48921,internet,38091,over-the-counter medicines,4202,QUICKRELIEF,8,1303,Vitamin G (Riboflavin) tablet 200 mg 60 pcs,60,Vitamin,B,98,MedicoGenix Corporation,5684,MediSupply, 777-333-1111,medi_supply@medi.com,27.95,35.78,3,107.34
81342,2022-01-27,08:34:52,1243,Samuel Adams,563-303-1183x1194,albert69@gmail.net,female,1995-09-17,2021-09-24,539,new york cty,n.y,11226,3215,clarendon road,223,48921,internet,38091,over-the-counter medicines,4202,QUICKRELIEF,8,710,Bumetanide tablet 40 mg 40 pcs,28,Diuretic,Diuretic,79,MedicoSynth Corporation,5683,CareRx, 222-888-9799,oficial@carerx.com,39.86,49.43,1,49.43
81709,2022-01-27,21:56:24,141,Bruce Nelson,(439)739-1828x9561,tsmith@gmail.net,female,1990-04-21,2020-07-13,67,sarasota,fl,34239,1920,s shade ave,502,48921,internet,38091,over-the-counter medicines,4202,QUICKRELIEF,8,525,Mexiletine tablet 200 mg 10 pcs,18,Antiarrhythmic,Ib,108,OmniHealth Sciences,5694,MedConnect, 543890-7777,oficial@medconnect.com,15.94,17.53,2,35.06
81709,2022-01-27,21:56:24,141,Bruce Nelson,(439)739-1828x9561,tsmith@gmail.net,female,1990-04-21,2020-07-13,67,sarasota,fl,34239,1920,s shade ave,502,48921,internet,38091,over-the-counter medicines,4202,QUICKRELIEF,8,575,Prasugrel tablet 100 mg 30 pcs,21,Antiplatelet agent,Antagonist,103,VitalWave Pharmaceuticals,5678,PharmaMart, 555-123-4567,oficial@pharmamart.com,61.7,70.34,1,70.34
81709,2022-01-27,21:56:24,141,Bruce Nelson,(439)739-1828x9561,tsmith@gmail.net,female,1990-04-21,2020-07-13,67,sarasota,fl,34239,1920,s shade ave,502,48921,internet,38091,over-the-counter medicines,4202,QUICKRELIEF,8,817,Taltirelin tablet 50 mg 30 pcs,33,Proton pump inhibitor,Inhibitor,115,Merck,5686,MedPro, 905-568-3333,general@medpro.com,67.17,87.32,1,87.32
81747,2022-01-28,01:22:12,243,Penelope Bell,863-988-1616,lisatorres@gmail.net,male,1960-04-16,2021-12-14,1029,hampton,virginia,23666,3301,driftwood drive,119,48921,internet,38091,over-the-counter medicines,4202,QUICKRELIEF,8,402,Klonopin tablet 5 mg 20 pcs,12,Antianxiety medication,Benzodiazepines,120,AbbVie,5684,MediSupply, 777-333-1111,,9.03,11.02,3,33.06
81747,2022-01-28,01:22:12,243,Penelope Bell,863-988-1616,lisatorres@gmail.net,male,1960-04-16,2021-12-14,1029,hampton,virginia,23666,3301,driftwood drive,119,48921,internet,38091,over-the-counter medicines,4202,QUICKRELIEF,8,781,Thyroxine tablet 325 mg 20 pcs,31,Thyroid medication,Hormones,75,MediGen Pharmaceuticals,5683,CareRx, 222-888-9799,oficial@carerx.com,66.04,74.63,3,223.89
81927,2022-01-29,04:03:17,44,Ronald Perry,(741)476-8339x348,schmidtroger@gmail.org,female,1988-01-29,2017-08-22,489,new york city,n.y,10462,,haviland avenue,259,48921,internet,38091,over-the-counter medicines,4202,QUICKRELIEF,8,277,Gaviscon suspension 240 ml,5,Antacid,Antacid,103,VitalWave Pharmaceuticals,5682,PharmaDirect, 693059-8976,sales_department@pharmadirect.com,54.97,71.46,3,214.38
81927,2022-01-29,04:03:17,44,Ronald Perry,(741)476-8339x348,schmidtroger@gmail.org,female,1988-01-29,2017-08-22,489,new york city,n.y,10462,,haviland avenue,259,48921,internet,38091,over-the-counter medicines,4202,QUICKRELIEF,8,687,Zafirlukast tablet 250 mg 50 pcs,26,Bronchodilator,Anticholinergic,85,CurePro Pharmaceuticals,5690,MedWorks, 777-888-0678,oficial@medworks.com,44.91,52.54,1,52.54
81927,2022-01-29,04:03:17,44,Ronald Perry,(741)476-8339x348,schmidtroger@gmail.org,female,1988-01-29,2017-08-22,489,new york city,n.y,10462,,haviland avenue,259,48921,internet,38091,over-the-counter medicines,4202,QUICKRELIEF,8,783,Euthyrox tablet 15 mg 10 pcs,31,Thyroid medication,Levothyroxine,85,CurePro Pharmaceuticals,5680,TrustedMeds, 123-456-7890,oficial@trustedmeds.com,8.72,9.68,3,29.04
81950,2022-01-29,04:49:58,299,Ellie Thomas,(500)686-8616,olsonmichael@gmail.net,male,1962-05-27,2020-02-19,624,henrietta town,n.y,14623,830,jefferson road,759,48921,internet,38091,over-the-counter medicines,4202,QUICKRELIEF,8,762,Nifedipine tablet 40 mg 30 pcs,30,Vasodilator,Vasodilator,98,MedicoGenix Corporation,5687,PharmaPlus, 278-599-3333,info@pharmaplus.com,47.75,57.78,1,57.78
81950,2022-01-29,04:49:58,299,Ellie Thomas,(500)686-8616,olsonmichael@gmail.net,male,1962-05-27,2020-02-19,624,henrietta town,n.y,14623,830,jefferson road,759,48921,internet,38091,over-the-counter medicines,4202,QUICKRELIEF,8,954,Topotecan solution 200 ml,41,Chemotherapy drug,Antimetabolite,110,Pfizer,5688,ReliableMeds, 123-456-7899,oficial@reliablemeds.com,6.06,6.91,1,6.91
81950,2022-01-29,04:49:58,299,Ellie Thomas,(500)686-8616,olsonmichael@gmail.net,male,1962-05-27,2020-02-19,624,henrietta town,n.y,14623,830,jefferson road,759,48921,internet,38091,over-the-counter medicines,4202,QUICKRELIEF,8,1252,Octreotide injection 200 mg 30 pcs,57,Vasopressor,Vasoconstrictor,76,Vitality Labs,5681,HealthPro, 987-654-3210,oficial@healthpro.com,24.45,27.87,3,83.61
81972,2022-01-29,05:41:35,90,Victor Campbell,418.739.2949x31544,john11@gmail.com,male,1976-09-09,2021-06-22,787,el cajon,california,92021,10120,chocolate summit drive,38,48921,internet,38091,over-the-counter medicines,4202,QUICKRELIEF,8,312,Edoxaban tablet 325 mg 40 pcs,7,Anticoagulant,Coagulant,117,AstraZeneca,5680,TrustedMeds, 123-456-7890,oficial@trustedmeds.com,54.07,68.67,3,206.01
81972,2022-01-29,05:41:35,90,Victor Campbell,418.739.2949x31544,john11@gmail.com,male,1976-09-09,2021-06-22,787,el cajon,california,92021,10120,chocolate summit drive,38,48921,internet,38091,over-the-counter medicines,4202,QUICKRELIEF,8,390,Invega suspension 60 ml,11,Antipsychotic,Antipsychotic,121,Bristol Myers Squibb,5686,MedPro, 905-568-3333,general@medpro.com,30.65,35.25,3,105.75
81972,2022-01-29,05:41:35,90,Victor Campbell,418.739.2949x31544,john11@gmail.com,male,1976-09-09,2021-06-22,787,el cajon,california,92021,10120,chocolate summit drive,38,48921,internet,38091,over-the-counter medicines,4202,QUICKRELIEF,8,1167,Frovatriptan tablet 20 mg 50 pcs,53,Antimigraine medication,Triptans,118,Bayer,5681,HealthPro, 987-654-3210,oficial@healthpro.com,31.32,39.78,3,119.34
82360,2022-01-29,19:11:42,534,Christopher Martinez,9616945032,taylor30@gmail.org,female,1959-01-17,2021-04-13,720,lake forest,california,92630,21072,avenida albercon,438,48921,internet,38091,over-the-counter medicines,4202,QUICKRELIEF,8,604,Alirocumab solution 240 ml,22,Antihyperlipidemic medication,Inhibitors,108,OmniHealth Sciences,5682,PharmaDirect, 693059-8976,sales_department@pharmadirect.com,66.64,77.3,2,154.6
82360,2022-01-29,19:11:42,534,Christopher Martinez,9616945032,taylor30@gmail.org,female,1959-01-17,2021-04-13,720,lake forest,california,92630,21072,avenida albercon,438,48921,internet,38091,over-the-counter medicines,4202,QUICKRELIEF,8,860,Sonata tablet 5 mg 50 pcs,36,Sleeping aid,Sedative,95,VitaCore Pharmaceuticals,5686,MedPro, 905-568-3333,general@medpro.com,37.96,42.89,2,85.78
82360,2022-01-29,19:11:42,534,Christopher Martinez,9616945032,taylor30@gmail.org,female,1959-01-17,2021-04-13,720,lake forest,california,92630,21072,avenida albercon,438,48921,internet,38091,over-the-counter medicines,4202,QUICKRELIEF,8,900,Bethanechol tablet 50 mg 50 pcs,38,Gastrointestinal stimulant,Cholinergic,75,MediGen Pharmaceuticals,5686,MedPro, 905-568-3333,general@medpro.com,16.05,19.42,3,58.26
82789,2022-01-30,17:16:21,1997,Brooklyn Rivera,348.429.4129x280,lopezaudrey@gmail.com,female,1995-08-08,2018-02-17,642,temple cty,ca,91780,9521,kennerly st,332,48921,internet,38091,over-the-counter medicines,4202,QUICKRELIEF,8,454,Cannabidiol capsule 100 mg 50 pcs,14,Antiemetic,Cannabinoid,86,FutureMed Sciences,5682,PharmaDirect, 693059-8976,sales_department@pharmadirect.com,26.22,33.56,2,67.12
82789,2022-01-30,17:16:21,1997,Brooklyn Rivera,348.429.4129x280,lopezaudrey@gmail.com,female,1995-08-08,2018-02-17,642,temple cty,ca,91780,9521,kennerly st,332,48921,internet,38091,over-the-counter medicines,4202,QUICKRELIEF,8,691,Fludrocortisone tablet 100 mg 20 pcs,27,Corticosteroid,Corticosteroid,128,Biogen,5690,MedWorks, 777-888-0678,oficial@medworks.com,37.4,47.87,3,143.61
82789,2022-01-30,17:16:21,1997,Brooklyn Rivera,348.429.4129x280,lopezaudrey@gmail.com,female,1995-08-08,2018-02-17,642,temple cty,ca,91780,9521,kennerly st,332,48921,internet,38091,over-the-counter medicines,4202,QUICKRELIEF,8,1035,Tretinoin capsule 15 mg 20 pcs,46,Topical medication,Retinoids,93,SunHealth Innovations,5684,MediSupply, 777-333-1111,,38.71,42.58,1,42.58
82862,2022-01-30,21:38:57,1927,Addison King,001-628-853-5146x93003,stafforddanny@gmail.org,male,1956-05-24,2018-07-25,139,fort lauderdale,fl,33308,3321,ne 33 st,716,48921,internet,38091,over-the-counter medicines,4202,QUICKRELIEF,8,275,Maalox tablet 10 mg 30 pcs,5,Antacid,Antacid,98,MedicoGenix Corporation,5690,MedWorks, 777-888-0678,oficial@medworks.com,32.32,40.72,3,122.16
82862,2022-01-30,21:38:57,1927,Addison King,001-628-853-5146x93003,stafforddanny@gmail.org,male,1956-05-24,2018-07-25,139,fort lauderdale,fl,33308,3321,ne 33 st,716,48921,internet,38091,over-the-counter medicines,4202,QUICKRELIEF,8,606,Lomitapide capsule 15 mg 20 pcs,22,Antihyperlipidemic medication,Inhibitors,96,EverWell Therapeutics,5682,PharmaDirect, 693059-8976,sales_department@pharmadirect.com,11.26,12.5,3,37.5
82862,2022-01-30,21:38:57,1927,Addison King,001-628-853-5146x93003,stafforddanny@gmail.org,male,1956-05-24,2018-07-25,139,fort lauderdale,fl,33308,3321,ne 33 st,716,48921,internet,38091,over-the-counter medicines,4202,QUICKRELIEF,8,802,Esomeprazole tablet 200 mg 30 pcs,33,Proton pump inhibitor,Fluoroquinolones,81,WellCare Innovations,5682,PharmaDirect, 693059-8976,sales_department@pharmadirect.com,11.49,13.56,2,27.12
82904,2022-01-31,00:32:05,2010,Owen Peterson,293.254.3701x864,tnovak@gmail.org,male,1979-09-08,2020-09-19,1022,newport news,virginia,23605,700,nansemond drive,305,48921,internet,38091,over-the-counter medicines,4202,QUICKRELIEF,8,269,Clemizole tablet 5 mg 30 pcs,4,Antihistamine,Antihistamine,94,PureLife Labs,5681,HealthPro, 987-654-3210,oficial@healthpro.com,25.34,30.41,3,91.23
83104,2022-01-31,06:36:28,970,Ryan Nelson,689-823-5448x49307,rdaugherty@gmail.org,female,1960-03-25,2019-05-22,287,aurora,il,60502,2489,jamestown ln,534,48921,internet,38091,over-the-counter medicines,4202,QUICKRELIEF,8,1143,Amitriptyline tablet 20 mg 40 pcs,51,Central nervous system drug,Antidepressant,83,BioGenix Therapeutics,5684,MediSupply, 777-333-1111,medi_supply@medi.com,51.21,65.04,2,130.08
83579,2022-01-31,19:49:15,802,Eric Mitchell,001-825-810-0230,allison41@gmail.org,male,1987-01-11,2018-09-14,250,skokie,il,60077,7235,le claire avenue,166,48921,internet,38091,over-the-counter medicines,4202,QUICKRELIEF,8,233,Mupirocin topical ointment 30 g,2,Antibiotic,Antibiotic,97,BioPulse Pharmaceuticals,5694,MedConnect, 543890-7777,oficial@medconnect.com,48.64,54.96,1,54.96
83671,2022-01-31,22:48:26,141,Bruce Nelson,(439)739-1828x9561,tsmith@gmail.net,female,1990-04-21,2020-07-13,67,sarasota,fl,34239,1920,s shade ave,588,48921,internet,38091,over-the-counter medicines,4202,QUICKRELIEF,8,856,Secobarbital tablet 20 mg 50 pcs,35,Sedative,Barbiturates,116,Sanofi,5686,MedPro, 905-568-3333,general@medpro.com,59.14,69.79,1,69.79
84161,2022-02-01,15:06:15,550,Olivia Walker,(837)242-1795x219,nsalinas@gmail.com,male,1965-04-16,2020-07-23,834,s diego,california,92105,3761,46th street,721,48921,internet,38091,over-the-counter medicines,4202,QUICKRELIEF,8,670,Nimesulid tablet 80 mg 30 pcs,25,Antipyretic,Nsaid,128,Biogen,5688,ReliableMeds, 123-456-7899,oficial@reliablemeds.com,31.95,40.58,2,81.16
84161,2022-02-01,15:06:15,550,Olivia Walker,(837)242-1795x219,nsalinas@gmail.com,male,1965-04-16,2020-07-23,834,s diego,california,92105,3761,46th street,721,48921,internet,38091,over-the-counter medicines,4202,QUICKRELIEF,8,756,Verapamil tablet 5 mg 20 pcs,30,Vasodilator,Vasodilator,98,MedicoGenix Corporation,5690,MedWorks, 777-888-0678,oficial@medworks.com,41.18,52.3,1,52.3
84245,2022-02-01,17:40:09,507,Mia Harris,(297)953-2308x16944,molly20@gmail.org,male,1969-05-18,2019-03-27,341,downers grove,il,60515,,highland ave,378,48921,internet,38091,over-the-counter medicines,4202,QUICKRELIEF,8,738,Fleroxacin tablet 50 mg 20 pcs,29,Muscle relaxant,Relaxants,118,Bayer,5687,PharmaPlus, 278-599-3333,info@pharmaplus.com,34.58,40.8,1,40.8
84583,2022-02-02,15:08:04,812,Jeremy Hayes,(296)543-2217x683,donna47@gmail.org,male,1995-01-08,2021-10-28,1074,newport news,virginia,23605,1007,75th street,719,48921,internet,38091,over-the-counter medicines,4202,QUICKRELIEF,8,237,Zoloft tablet 10 mg 60 pcs,3,Antidepressant,Ssri,94,PureLife Labs,5690,MedWorks, 777-888-0678,oficial@medworks.com,17.88,20.03,2,40.06
84583,2022-02-02,15:08:04,812,Jeremy Hayes,(296)543-2217x683,donna47@gmail.org,male,1995-01-08,2021-10-28,1074,newport news,virginia,23605,1007,75th street,719,48921,internet,38091,over-the-counter medicines,4202,QUICKRELIEF,8,312,Edoxaban tablet 325 mg 40 pcs,7,Anticoagulant,Coagulant,117,AstraZeneca,5690,MedWorks, 777-888-0678,oficial@medworks.com,57.58,70.82,2,141.64
84583,2022-02-02,15:08:04,812,Jeremy Hayes,(296)543-2217x683,donna47@gmail.org,male,1995-01-08,2021-10-28,1074,newport news,virginia,23605,1007,75th street,719,48921,internet,38091,over-the-counter medicines,4202,QUICKRELIEF,8,646,Diosmectite suspension 150 ml,24,Antidiarrheal,Antidiarrheals,83,BioGenix Therapeutics,5681,HealthPro, 987-654-3210,oficial@healthpro.com,50.19,56.21,3,168.63
85028,2022-02-04,21:50:30,1527,Eli Roberts,8164832088,harperdoris@gmail.com,male,1965-01-08,2019-12-24,502,nyc,n.y,11214,2063,86th street,693,48921,internet,38091,over-the-counter medicines,4202,QUICKRELIEF,8,1145,Fluoxetine capsule 40 mg 40 pcs,51,Central nervous system drug,Antidepressant,93,SunHealth Innovations,5693,GlobalPharm, 444-555-0566,oficial@globalpharm.com,53.09,62.12,1,62.12
85054,2022-02-05,01:21:34,1232,Henry Hayes,(401)881-6972,david70@gmail.org,female,1960-06-15,2021-02-25,809,s gabriel,california,91776,,sunset ave,485,48921,internet,38091,over-the-counter medicines,4202,QUICKRELIEF,8,694,Methylprednisolone tablet 15 mg 100 pcs,27,Corticosteroid,Corticosteroid,83,BioGenix Therapeutics,5688,ReliableMeds, 123-456-7899,oficial@reliablemeds.com,9.7,11.25,1,11.25
85054,2022-02-05,01:21:34,1232,Henry Hayes,(401)881-6972,david70@gmail.org,female,1960-06-15,2021-02-25,809,s gabriel,california,91776,,sunset ave,485,48921,internet,38091,over-the-counter medicines,4202,QUICKRELIEF,8,768,Levothyroxine tablet 80 mg 100 pcs,31,Thyroid medication,Hormones,101,CureTech Laboratories,5681,HealthPro, 987-654-3210,oficial@healthpro.com,48.65,57.89,1,57.89
85054,2022-02-05,01:21:34,1232,Henry Hayes,(401)881-6972,david70@gmail.org,female,1960-06-15,2021-02-25,809,s gabriel,california,91776,,sunset ave,485,48921,internet,38091,over-the-counter medicines,4202,QUICKRELIEF,8,986,Resveratrol tablet 250 mg 60 pcs,43,Anti-Alzheimer's drug,Polyphenol,128,Biogen,5684,MediSupply, 777-333-1111,,45.88,59.19,3,177.57
85188,2022-02-05,10:07:36,314,Zoe Jenkins,610.412.8421x137,matthew70@gmail.com,male,1993-09-17,2019-04-11,45,unincorporated,fl,33417,338,camden o,33,48921,internet,38091,over-the-counter medicines,4202,QUICKRELIEF,8,991,Pregnenolone tablet 400 mg 30 pcs,43,Anti-Alzheimer's drug,Hormones,124,Teva Pharmaceutical Industries,5679,MedSource, 126-987-6543,help@medsource.com,27.21,34.01,2,68.02
85194,2022-02-05,10:20:51,451,James Allen,001-806-483-7160x0774,hodgedavid@gmail.org,female,1983-03-11,2017-02-03,471,new york,n.y,10065,240,east 68th street,616,48921,internet,38091,over-the-counter medicines,4202,QUICKRELIEF,8,1171,Lasmiditan tablet 400 mg 50 pcs,53,Antimigraine medication,Triptan,86,FutureMed Sciences,5684,MediSupply, 777-333-1111,medi_supply@medi.com,51.46,58.15,1,58.15
85486,2022-02-06,22:17:35,1113,Olivia Wilson,001-303-926-7081x81631,collinsscott@gmail.net,female,1983-11-06,2018-05-27,15,homeland,fl,33813,6550,fox tree ln,621,48921,internet,38091,over-the-counter medicines,4202,QUICKRELIEF,8,562,Levodropropizine tablet 15 mg 20 pcs,20,Antitussive,Antitussive,125,Boehringer Ingelheim,5680,TrustedMeds, 123-456-7890,oficial@trustedmeds.com,27.14,33.92,1,33.92
85589,2022-02-07,08:36:19,1483,Charlotte Nelson,(556)318-4703x80970,thomasmelinda@gmail.com,female,1983-02-18,2017-06-14,12,titusville,fl,32796,721,fern ave,178,48921,internet,38091,over-the-counter medicines,4202,QUICKRELIEF,8,692,Hydrocortisone cream 20 g,27,Corticosteroid,Corticosteroid,121,Bristol Myers Squibb,5682,PharmaDirect, 693059-8976,sales_department@pharmadirect.com,67.01,82.42,2,164.84
85589,2022-02-07,08:36:19,1483,Charlotte Nelson,(556)318-4703x80970,thomasmelinda@gmail.com,female,1983-02-18,2017-06-14,12,titusville,fl,32796,721,fern ave,178,48921,internet,38091,over-the-counter medicines,4202,QUICKRELIEF,8,808,Ilaprazole tablet 100 mg 40 pcs,33,Proton pump inhibitor,Inhibitor,127,Amgen,5684,MediSupply, 777-333-1111,medi_supply@medi.com,33.85,40.96,1,40.96
85830,2022-02-08,01:17:38,983,Anna Rivera,(613)369-0109,sandra93@gmail.org,male,2003-10-20,2018-12-14,391,nyc,n.y,11219,,61st stree,402,48921,internet,38091,over-the-counter medicines,4202,QUICKRELIEF,8,238,Lexapro tablet 325 mg 20 pcs,3,Antidepressant,Inhibitor,77,LifePharma Solutions,5690,MedWorks, 777-888-0678,oficial@medworks.com,22.78,26.65,2,53.3
85830,2022-02-08,01:17:38,983,Anna Rivera,(613)369-0109,sandra93@gmail.org,male,2003-10-20,2018-12-14,391,nyc,n.y,11219,,61st stree,402,48921,internet,38091,over-the-counter medicines,4202,QUICKRELIEF,8,822,Nelfinavir mesylate tablet 400 mg 40 pcs,33,Proton pump inhibitor,Inhibitor,110,Pfizer,5683,CareRx, 222-888-9799,oficial@carerx.com,37.08,47.46,1,47.46
85830,2022-02-08,01:17:38,983,Anna Rivera,(613)369-0109,sandra93@gmail.org,male,2003-10-20,2018-12-14,391,nyc,n.y,11219,,61st stree,402,48921,internet,38091,over-the-counter medicines,4202,QUICKRELIEF,8,1197,Abatacept tablet 400 mg 40 pcs,54,Antirheumatic drug,Antagonist,95,VitaCore Pharmaceuticals,5690,MedWorks, 777-888-0678,oficial@medworks.com,29.31,34.59,1,34.59
86271,2022-02-08,13:23:06,2020,Madison Wright,(911)246-9254,richard13@gmail.com,male,1969-04-30,2021-07-21,920,virginia beach,virginia,23451,2189,creeks edge drive,436,48921,internet,38091,over-the-counter medicines,4202,QUICKRELIEF,8,1087,Gatifloxacin tablet 50 mg 100 pcs,48,Ophthalmic drug,Fluoroquinolone,100,ApexCure Innovations,5681,HealthPro, 987-654-3210,oficial@healthpro.com,44.99,56.24,1,56.24
86271,2022-02-08,13:23:06,2020,Madison Wright,(911)246-9254,richard13@gmail.com,male,1969-04-30,2021-07-21,920,virginia beach,virginia,23451,2189,creeks edge drive,436,48921,internet,38091,over-the-counter medicines,4202,QUICKRELIEF,8,1170,Dihydroergotamine solution 100 ml,53,Antimigraine medication,Alkaloids,128,Biogen,5687,PharmaPlus, 278-599-3333,info@pharmaplus.com,21.75,27.62,3,82.86
86508,2022-02-08,21:01:07,1487,Abigail Lee,001-675-687-7613x60715,nicolas54@gmail.net,male,1958-02-19,2021-11-22,459,manlius,n.y,13104,8195,cazenovia roa,427,48921,internet,38091,over-the-counter medicines,4202,QUICKRELIEF,8,303,Diflunisal tablet 400 mg 40 pcs,6,Anti-inflammatory,Nsaid,110,Pfizer,5678,PharmaMart, 555-123-4567,oficial@pharmamart.com,54.43,62.59,1,62.59
86508,2022-02-08,21:01:07,1487,Abigail Lee,001-675-687-7613x60715,nicolas54@gmail.net,male,1958-02-19,2021-11-22,459,manlius,n.y,13104,8195,cazenovia roa,427,48921,internet,38091,over-the-counter medicines,4202,QUICKRELIEF,8,1060,Orphenadrine tablet 250 mg 100 pcs,47,Antispastic agent,Anticholinergic,120,AbbVie,5682,PharmaDirect, 693059-8976,sales_department@pharmadirect.com,67.43,82.26,3,246.78
86886,2022-02-09,15:33:50,980,Dominic Foster,534.551.9599,marcus71@gmail.org,female,1961-01-01,2018-08-03,433,new york city,n.y,11209,124,83rd street,39,48921,internet,38091,over-the-counter medicines,4202,QUICKRELIEF,8,506,Trospium chloride tablet 50 mg 10 pcs,17,Anticholinergic,Anticholinergic,126,Mylan,5686,MedPro, 905-568-3333,general@medpro.com,55.29,62.48,3,187.44
86911,2022-02-09,16:26:59,227,Zoey White,001-386-860-2049x93999,welchnatalie@gmail.org,male,1990-02-21,2019-10-01,932,suffolk,virginia,23434,403,kilby av,336,48921,internet,38091,over-the-counter medicines,4202,QUICKRELIEF,8,252,Loratadine tablet 5 mg 50 pcs,4,Antihistamine,Antihistamine,101,CureTech Laboratories,5687,PharmaPlus, 278-599-3333,info@pharmaplus.com,29.67,37.38,3,112.14
87098,2022-02-10,01:26:29,504,Joseph Wilson,218.834.7440,richard74@gmail.net,female,1996-03-28,2020-02-23,267,chicago,il,60634,2856,north narragansett avenue,751,48921,internet,38091,over-the-counter medicines,4202,QUICKRELIEF,8,504,Tolterodine tablet 325 mg 50 pcs,17,Anticholinergic,Anticholinergic,76,Vitality Labs,5680,TrustedMeds, 123-456-7890,oficial@trustedmeds.com,25.75,29.87,3,89.61
87339,2022-02-10,08:58:13,539,Sofia Adams,+1-699-918-9888x38991,katieyoung@gmail.org,female,1962-11-30,2018-04-01,355,buffalo grove,il,60089,766,white pine road,344,48921,internet,38091,over-the-counter medicines,4202,QUICKRELIEF,8,993,Melatonin tablet 50 mg 30 pcs,43,Anti-Alzheimer's drug,Agonist,89,GlobalCure Labs,5684,MediSupply, 777-333-1111,,29.63,33.78,3,101.34
87787,2022-02-11,02:02:55,1424,Philip Daniels,426-503-6440,warrenarthur@gmail.com,male,1966-08-10,2020-01-17,1055,newport news,virginia,23606,66,church road,686,48921,internet,38091,over-the-counter medicines,4202,QUICKRELIEF,8,1037,Ketoconazole shampoo tablet 400 mg 10 pcs,46,Topical medication,Antifungal,109,FutureCure PharmaTech,5683,CareRx, 222-888-9799,oficial@carerx.com,33.01,38.95,3,116.85
87787,2022-02-11,02:02:55,1424,Philip Daniels,426-503-6440,warrenarthur@gmail.com,male,1966-08-10,2020-01-17,1055,newport news,virginia,23606,66,church road,686,48921,internet,38091,over-the-counter medicines,4202,QUICKRELIEF,8,1183,Pizotifen tablet 400 mg 100 pcs,53,Antimigraine medication,Triptan,108,OmniHealth Sciences,5681,HealthPro, 987-654-3210,oficial@healthpro.com,18.55,20.59,2,41.18
87800,2022-02-11,02:32:01,658,Christopher Butler,001-906-858-7994x1407,williamsjanice@gmail.net,male,1999-10-17,2019-09-01,243,montgomery,il,60538,1229,s lincoln ave,492,48921,internet,38091,over-the-counter medicines,4202,QUICKRELIEF,8,401,Ativan tablet 400 mg 60 pcs,12,Antianxiety medication,Benzodiazepines,75,MediGen Pharmaceuticals,5681,HealthPro, 987-654-3210,oficial@healthpro.com,53.86,68.94,3,206.82
87800,2022-02-11,02:32:01,658,Christopher Butler,001-906-858-7994x1407,williamsjanice@gmail.net,male,1999-10-17,2019-09-01,243,montgomery,il,60538,1229,s lincoln ave,492,48921,internet,38091,over-the-counter medicines,4202,QUICKRELIEF,8,1275,Ruby-fill tablet 80 mg 60 pcs,59,Contrast agent,Agent,116,Sanofi,5690,MedWorks, 777-888-0678,oficial@medworks.com,41.54,51.51,1,51.51
88247,2022-02-11,20:47:39,528,William Moore,+1-204-523-3006x283,sallyschultz@gmail.com,male,1980-02-10,2017-09-12,39,nrth port,fl,34287,3950,s sumter blvd,128,48921,internet,38091,over-the-counter medicines,4202,QUICKRELIEF,8,509,Dicyclomine tablet 5 mg 40 pcs,17,Anticholinergic,Anticholinergic,94,PureLife Labs,5682,PharmaDirect, 693059-8976,sales_department@pharmadirect.com,65.95,81.12,2,162.24
88247,2022-02-11,20:47:39,528,William Moore,+1-204-523-3006x283,sallyschultz@gmail.com,male,1980-02-10,2017-09-12,39,nrth port,fl,34287,3950,s sumter blvd,128,48921,internet,38091,over-the-counter medicines,4202,QUICKRELIEF,8,1018,Timolol tablet 20 mg 60 pcs,45,Beta blocker,Blocker,108,OmniHealth Sciences,5690,MedWorks, 777-888-0678,oficial@medworks.com,45.12,53.24,3,159.72
88247,2022-02-11,20:47:39,528,William Moore,+1-204-523-3006x283,sallyschultz@gmail.com,male,1980-02-10,2017-09-12,39,nrth port,fl,34287,3950,s sumter blvd,128,48921,internet,38091,over-the-counter medicines,4202,QUICKRELIEF,8,1073,Travoprost solution 240 ml,48,Ophthalmic drug,Nsaid,76,Vitality Labs,5684,MediSupply, 777-333-1111,medi_supply@medi.com,11.71,13.0,3,39.0
88306,2022-02-12,00:08:05,960,Gabriel Carter,+1-474-638-7632x6652,pyoder@gmail.com,male,1977-11-27,2021-10-28,950,newport news,virginia,23606,,selden road,517,48921,internet,38091,over-the-counter medicines,4202,QUICKRELIEF,8,985,Curcumin tablet 50 mg 50 pcs,43,Anti-Alzheimer's drug,Antioxidants,117,AstraZeneca,5683,CareRx, 222-888-9799,oficial@carerx.com,12.13,14.07,1,14.07
88419,2022-02-12,06:31:26,4,John Smith,+1-318-386-1933x5061,patricia89@gmail.net,male,1988-11-14,2021-09-07,768,san diego,california,92130,,landfair road,175,48921,internet,38091,over-the-counter medicines,4202,QUICKRELIEF,8,1119,Nitrofurantoin capsule 20 mg 50 pcs,50,Urinary system drug,Antibiotic,108,OmniHealth Sciences,5680,TrustedMeds, 123-456-7890,oficial@trustedmeds.com,59.3,73.53,2,147.06
88812,2022-02-13,05:16:42,304,Layla Hughes,542.417.6115,jessicahill@gmail.net,female,1981-03-18,2017-06-23,265,south elgin,il,60177,1456,marleigh ln,476,48921,internet,38091,over-the-counter medicines,4202,QUICKRELIEF,8,849,Clonazepam tablet 5 mg 10 pcs,35,Sedative,Benzodiazepine,109,FutureCure PharmaTech,5684,MediSupply, 777-333-1111,medi_supply@medi.com,9.84,10.92,1,10.92
89002,2022-02-13,14:34:40,1647,Harper Walker,987.740.5756x137,marc07@gmail.org,female,1971-05-14,2017-08-18,1084,chesapeake,virginia,23321,,drum cr road,318,48921,internet,38091,over-the-counter medicines,4202,QUICKRELIEF,8,399,Xanax tablet 20 mg 60 pcs,12,Antianxiety medication,Benzodiazepine,126,Mylan,5682,PharmaDirect, 693059-8976,sales_department@pharmadirect.com,20.83,26.25,3,78.75
89002,2022-02-13,14:34:40,1647,Harper Walker,987.740.5756x137,marc07@gmail.org,female,1971-05-14,2017-08-18,1084,chesapeake,virginia,23321,,drum cr road,318,48921,internet,38091,over-the-counter medicines,4202,QUICKRELIEF,8,472,Bisoprolol tablet 40 mg 100 pcs,15,Antihypertensive,Blocker,104,BioPlus Therapeutics,5681,HealthPro, 987-654-3210,oficial@healthpro.com,47.64,56.22,3,168.66
89002,2022-02-13,14:34:40,1647,Harper Walker,987.740.5756x137,marc07@gmail.org,female,1971-05-14,2017-08-18,1084,chesapeake,virginia,23321,,drum cr road,318,48921,internet,38091,over-the-counter medicines,4202,QUICKRELIEF,8,776,Potassium iodide tablet 325 mg 60 pcs,31,Thyroid medication,Hormone,96,EverWell Therapeutics,5684,MediSupply, 777-333-1111,medi_supply@medi.com,14.59,16.78,2,33.56
89426,2022-02-14,08:21:34,581,Charlotte Walker,001-999-882-3370x7128,beth61@gmail.org,female,2001-03-06,2020-07-26,481,new york,n.y,10459,1160,hoe av,665,48921,internet,38091,over-the-counter medicines,4202,QUICKRELIEF,8,294,Naproxen tablet 400 mg 20 pcs,6,Anti-inflammatory,Nsaids,93,SunHealth Innovations,5684,MediSupply, 777-333-1111,medi_supply@medi.com,15.3,18.51,2,37.02
89426,2022-02-14,08:21:34,581,Charlotte Walker,001-999-882-3370x7128,beth61@gmail.org,female,2001-03-06,2020-07-26,481,new york,n.y,10459,1160,hoe av,665,48921,internet,38091,over-the-counter medicines,4202,QUICKRELIEF,8,363,Aloglipti tablet 5 mg 30 pcs,9,Antidiabetic medication,Inhibitors,79,MedicoSynth Corporation,5692,AlphaMeds, 358-854-8888,info@alphameds.com,25.73,29.07,1,29.07
